video_title,author,comment
BOLO DE CHOCOLATE RÃPIDO E FÃCIL | Massa FOFA e MOLHADINHA,@Leticiasweetcake,ME AJUDEM NESSA VOTAÃ‡ÃƒO https://ibest.vote/628474550 Ã© sÃ³ clicar no link e votar em mim â¤. Muito obrigada pela ajuda!
BOLO DE CHOCOLATE RÃPIDO E FÃCIL | Massa FOFA e MOLHADINHA,@alcioneramos9768,â¤ğŸ‰ğŸ˜® como que faz esse bolo de chocolate me mostra
BOLO DE CHOCOLATE RÃPIDO E FÃCIL | Massa FOFA e MOLHADINHA,@julietegomes305,"Como faÃ§o pra fazer um tamanho maior do bolo, posso duplicar a quantidade dos ingredientes? Dar certo, estou aprendendo a fazer bolo , e. Minha famÃ­lia Ã© grandeğŸ˜‚"
BOLO DE CHOCOLATE RÃPIDO E FÃCIL | Massa FOFA e MOLHADINHA,@rosangelaoliveira3160,Posso usar achocolatado Toddy?
BOLO DE CHOCOLATE RÃPIDO E FÃCIL | Massa FOFA e MOLHADINHA,@cleusa8500,"Vou receber uma visita hj, Ã© claro que farei prÃ¡ tomar um â˜• cafezinho"
Agora eu sÃ³ faÃ§o bolo de chocolate assim!,@levitaosivaldo,ğŸ¥šğŸ¥šğŸ¥šğŸ¥šğŸ¥šğŸ¥šğŸ¥šğŸ¥šğŸ‚ğŸ°ğŸ½ï¸ğŸ´ğŸ”ªğŸ«ğŸ«ğŸ«ğŸ«ğŸ«ğŸ«ğŸ§ˆğŸ¥›ğŸ§‚
Agora eu sÃ³ faÃ§o bolo de chocolate assim!,@Davisanto195,ğŸ¥šğŸ¥šğŸ¥šğŸ¥šğŸ¥šğŸ¥šğŸ¥šğŸ¥šğŸ¥šğŸ¥šğŸ§‚ğŸ°ğŸ‚ğŸ§ˆğŸ¥›ğŸ«ğŸ«ğŸ«ğŸ«ğŸ«ğŸ«ğŸ½ï¸ğŸ´ğŸ”ª
Agora eu sÃ³ faÃ§o bolo de chocolate assim!,@detimaria964,â¤â¤â¤â¤ğŸ˜…kelindo â¤â¤verdadi â¤L4ike â¤L4ike â¤L4ike â¤
Agora eu sÃ³ faÃ§o bolo de chocolate assim!,@a.l.c.5834,ğŸ˜®. ğŸ˜‹
Agora eu sÃ³ faÃ§o bolo de chocolate assim!,@atalitaserafini,â¤â¤â¤â¤â¤â¤â¤ğŸ‰
"MUITO FOFINHO, RÃPIDO E FÃCIL! MEXEU, TÃ PRONTO! O MEU BOLO DE CHOCOLATE MAIS FAMOSO-Isamara AmÃ¢ncio",@elzaprado6504,Fiz a sua receita de bolo de chocolate ficou uma delÃ­cia gratidÃ£o ğŸ™ğŸ» pela receita !!!
"MUITO FOFINHO, RÃPIDO E FÃCIL! MEXEU, TÃ PRONTO! O MEU BOLO DE CHOCOLATE MAIS FAMOSO-Isamara AmÃ¢ncio",@isa-tw7ef,"AlguÃ©m me ajuda, eu dobrei a receita, entÃ£o tenho que dobrar o tempo no forno?????"
"MUITO FOFINHO, RÃPIDO E FÃCIL! MEXEU, TÃ PRONTO! O MEU BOLO DE CHOCOLATE MAIS FAMOSO-Isamara AmÃ¢ncio",@karinymoreira9972,JÃ¡ estÃ¡ no forno o meu
"MUITO FOFINHO, RÃPIDO E FÃCIL! MEXEU, TÃ PRONTO! O MEU BOLO DE CHOCOLATE MAIS FAMOSO-Isamara AmÃ¢ncio",@DanielSilva-ex2dc,preciso que vocÃª me faÃ§a outro orÃ§amento de o ajuda aconteceu no minha celular e o Pedro estÃ¡ em contato direto com a minha mÃ£e ppppppppppppppppppppp ppppppppppppppppppppp ppppppppppppppppppppp e Pedra que boleto me mÃªs
"MUITO FOFINHO, RÃPIDO E FÃCIL! MEXEU, TÃ PRONTO! O MEU BOLO DE CHOCOLATE MAIS FAMOSO-Isamara AmÃ¢ncio",@user-ti4sb6od6y,ğŸ‘ğŸ‘ğŸ‘ğŸ‘ğŸ‘â¤ï¸â¤ï¸â¤ï¸â¤ï¸ğŸ™‹ğŸ™‹
O BOLO DE CHOCOLATE MAIS BOMBADO DO YOUTUBE | Receitas InternÃ©ticas,@danielesilvasouza3993,CadÃª a receita?
O BOLO DE CHOCOLATE MAIS BOMBADO DO YOUTUBE | Receitas InternÃ©ticas,@raissamarcolino.7644,"Sofri um acidente fervendo o oleo e a agua junto. 
Explodiu e quase que eu me queimei inteiraâ€¦
Vim sÃ³ pra dizer que tbm funciona com agua e oleo frios E fica uma delicia."
O BOLO DE CHOCOLATE MAIS BOMBADO DO YOUTUBE | Receitas InternÃ©ticas,@LincolnR8,100% manteiga! Joguem fora suas margarinas industriais e geradoras de infarto e outras doenÃ§as! ;)
O BOLO DE CHOCOLATE MAIS BOMBADO DO YOUTUBE | Receitas InternÃ©ticas,@tomioramos,"Eu substitui  a agua por cafÃ©.
 Esquentei normal com Ã³leo.

 E adivinha!
 Tooop Ã© claro!â¤ğŸ‰"
O BOLO DE CHOCOLATE MAIS BOMBADO DO YOUTUBE | Receitas InternÃ©ticas,@leticiasantos-gy5uo,"O bolo ficou bom, mas ficou com um gostinho de Ã³leo no final o que salvou foi a cobertura"
BOLO DE CHOCOLATE RÃPIDO E FÃCIL I Bolo de Nescau I Mais FÃ¡cil do Mundo,@ReceitasdePai,TODDY OU NESCAU???
BOLO DE CHOCOLATE RÃPIDO E FÃCIL I Bolo de Nescau I Mais FÃ¡cil do Mundo,@viniciusantonioschenato2127,"obrigado por compartilhar este video, amigo"
BOLO DE CHOCOLATE RÃPIDO E FÃCIL I Bolo de Nescau I Mais FÃ¡cil do Mundo,@g.nilzen6193,Pode substituir o leite quente por Ã¡gua?
BOLO DE CHOCOLATE RÃPIDO E FÃCIL I Bolo de Nescau I Mais FÃ¡cil do Mundo,@alcimeryvianaservadeyahu9651,Ambos sÃ£o bons mÃ£e fiz com achocolatado Italac
BOLO DE CHOCOLATE RÃPIDO E FÃCIL I Bolo de Nescau I Mais FÃ¡cil do Mundo,@alcimeryvianaservadeyahu9651,"Acabei de fazer e botar no forno, tomara que fique igual ao seu"" pai""!ğŸ˜‚"
